,variable,value
0,ctrl,0
1,ctrl,0
2,ctrl,0
3,ctrl,1
4,ctrl,1
5,ctrl,0
6,ctrl,0
7,ctrl,0
8,ctrl,1
9,ctrl,5
10,ctrl,6
11,ctrl,0
12,ctrl,0
13,ctrl,2
14,ctrl,
15,ctrl+CAAP48,0
16,ctrl+CAAP48,0
17,ctrl+CAAP48,0
18,ctrl+CAAP48,0
19,ctrl+CAAP48,2
20,ctrl+CAAP48,0
21,ctrl+CAAP48,0
22,ctrl+CAAP48,1
23,ctrl+CAAP48,0
24,ctrl+CAAP48,3
25,ctrl+CAAP48,0
26,ctrl+CAAP48,0
27,ctrl+CAAP48,0
28,ctrl+CAAP48,0
29,ctrl+CAAP48,
30,DSS,119
31,DSS,80
32,DSS,57
33,DSS,93
34,DSS,89
35,DSS,103
36,DSS,66
37,DSS,69
38,DSS,81
39,DSS,73
40,DSS,62
41,DSS,58
42,DSS,89
43,DSS,70
44,DSS,87
45,DSS+CAAP48,4.0
46,DSS+CAAP48,5.0
47,DSS+CAAP48,8.0
48,DSS+CAAP48,9.0
49,DSS+CAAP48,23.0
50,DSS+CAAP48,14.0
51,DSS+CAAP48,10.0
52,DSS+CAAP48,13.0
53,DSS+CAAP48,11.0
54,DSS+CAAP48,10.0
55,DSS+CAAP48,9.0
56,DSS+CAAP48,11.0
57,DSS+CAAP48,5.0
58,DSS+CAAP48,3.0
59,DSS+CAAP48,8.0
