,variable,value
0,substrate,1.0028180953799273
1,substrate+PPE,6.50982323897678
2,substrate+PPE+DMSO,6.109023633051906
3,substrate+PPE+DMSOm35 40uM,5.571099629981785
4,substrate+PPE+DMSOm35 80uM,5.5350028066397075
5,substrate+PPE+DMSO_CAAP48 40uM,5.2872968050130025
6,substrate+PPE+DMSO_CAAP48 80uM,4.8440424776328
7,substrate+PPE+fullA1AT 40uM,1.4617437824338722
8,substrate,1.0
9,substrate+PPE,6.079227429461698
10,substrate+PPE+DMSO,5.960603943042398
11,substrate+PPE+DMSOm35 40uM,5.999919810294067
12,substrate+PPE+DMSOm35 80uM,5.468479717732235
13,substrate+PPE+DMSO_CAAP48 40uM,5.371358528175226
14,substrate+PPE+DMSO_CAAP48 80uM,5.376971807590529
15,substrate+PPE+fullA1AT 40uM,1.518781574696711
16,substrate,1.0913475307298408
17,substrate+PPE,6.139026038743084
18,substrate+PPE+DMSO,5.971750312167069
19,substrate+PPE+DMSOm35 40uM,5.659308306507968
20,substrate+PPE+DMSOm35 80uM,5.498264465650166
21,substrate+PPE+DMSO_CAAP48 40uM,4.988567239068424
22,substrate+PPE+DMSO_CAAP48 80uM,5.544854684797177
23,substrate+PPE+fullA1AT 40uM,1.4851591765662768
