,variable,value
0,substrate,1.1361994795262627
1,substrate+trypsin,18.136465027351427
2,substrate+trypsin+DMSO,18.31985235540921
3,substrate+trypsin+DMSOm35 40uM,17.955095862764885
4,substrate+trypsin+DMSOm35 80uM,16.344574857931914
5,substrate+trypsin+DMSO_CAAP48 40uM,18.865473471772265
6,substrate+trypsin+DMSO_CAAP48 80uM,18.452148281905572
7,substrate+trypsin+fullA1AT 40uM,2.986855382654416
8,substrate,1.0
9,substrate+trypsin,18.629454564767116
10,substrate+trypsin+DMSO,17.96685963141962
11,substrate+trypsin+DMSOm35 40uM,17.2757714164321
12,substrate+trypsin+DMSOm35 80uM,16.430532688937276
13,substrate+trypsin+DMSO_CAAP48 40uM,18.048542142439853
14,substrate+trypsin+DMSO_CAAP48 80uM,17.866296670030273
15,substrate+trypsin+fullA1AT 40uM,2.997264857400818
16,substrate,1.034866429443943
17,substrate+trypsin,18.21172128100271
18,substrate+trypsin+DMSO,18.247862340007437
19,substrate+trypsin+DMSOm35 40uM,17.36733230654841
20,substrate+trypsin+DMSOm35 80uM,17.066466620638376
21,substrate+trypsin+DMSO_CAAP48 40uM,18.051941154601945
22,substrate+trypsin+DMSO_CAAP48 80uM,17.829730734505283
23,substrate+trypsin+fullA1AT 40uM,2.9688512401083433
