,variable,value
0,substrate,1.1499607843137254
1,substrate+chymotrypsin,33.756235294117644
2,substrate+chymotrypsin+DMSO,35.276862745098036
3,substrate+chymotrypsin+DMSOm35 40uM,34.845803921568624
4,substrate+chymotrypsin+DMSOm35 80uM,34.920941176470585
5,substrate+chymotrypsin+DMSO_CAAP48 40uM,33.744313725490194
6,substrate+chymotrypsin+DMSO_CAAP48 80uM,31.557882352941178
7,substrate+chymotrypsin+fullA1AT 40uM,3.120156862745098
8,substrate,1.0
9,substrate+chymotrypsin,33.77701960784314
10,substrate+chymotrypsin+DMSO,33.696705882352944
11,substrate+chymotrypsin+DMSOm35 40uM,28.78972549019608
12,substrate+chymotrypsin+DMSOm35 80uM,28.804549019607844
13,substrate+chymotrypsin+DMSO_CAAP48 40uM,31.135843137254902
14,substrate+chymotrypsin+DMSO_CAAP48 80uM,29.478980392156863
15,substrate+chymotrypsin+fullA1AT 40uM,2.8211764705882354
16,substrate,1.0266666666666666
17,substrate+chymotrypsin,35.39066666666667
18,substrate+chymotrypsin+DMSO,35.324627450980394
19,substrate+chymotrypsin+DMSOm35 40uM,30.592392156862743
20,substrate+chymotrypsin+DMSOm35 80uM,31.23505882352941
21,substrate+chymotrypsin+DMSO_CAAP48 40uM,31.54250980392157
22,substrate+chymotrypsin+DMSO_CAAP48 80uM,30.883294117647058
23,substrate+chymotrypsin+fullA1AT 40uM,2.5385098039215688
