,variable,value
0,substrate,1.0
1,substrate+HNE,18.040442579168257
2,substrate+HNE+DMSO,18.51247615413964
3,substrate+HNE+DMSOm35 40uM,19.367607783288822
4,substrate+HNE+DMSOm35 80uM,20.003853491033958
5,substrate+HNE+DMSO_CAAP48 40uM,19.82541014879817
6,substrate+HNE+DMSO_CAAP48 80uM,20.406409767264403
7,substrate+HNE+fullA1AT 40uM,1.908584509729111
8,substrate,1.0363983212514307
9,substrate+HNE,18.6284242655475
10,substrate+HNE+DMSO,19.953071346814195
11,substrate+HNE+DMSOm35 40uM,18.673025562762305
12,substrate+HNE+DMSOm35 80uM,17.279931323922167
13,substrate+HNE+DMSO_CAAP48 40uM,20.79797787104159
14,substrate+HNE+DMSO_CAAP48 80uM,19.794658527279665
15,substrate+HNE+fullA1AT 40uM,1.867188096146509
16,substrate,1.027775658145746
17,substrate+HNE,19.062838611217092
18,substrate+HNE+DMSO,18.618313620755437
19,substrate+HNE+DMSOm35 40uM,19.76508966043495
20,substrate+HNE+DMSOm35 80uM,18.10209843571156
21,substrate+HNE+DMSO_CAAP48 40uM,18.91487981686379
22,substrate+HNE+DMSO_CAAP48 80uM,19.940709652804273
23,substrate+HNE+fullA1AT 40uM,1.8122090805036246
